,capital_cost,unit
AC_line,42.007473674372484,EUR/MWkm
DC_link,135.69137008829756,EUR/MWkm
fixsolar,38283.380189337135,EUR/MW
satsolar,44489.52419183134,EUR/MW
onwind,101644.12332388277,EUR/MW
ror,308170.3719034552,EUR/MW
PHS,182698.73459185107,EUR/MW
hydro,182698.73459185107,EUR/MW
OCGT,47718.67056370105,EUR/MW
CCGT,104788.0207833239,EUR/MW
